<?xml version="1.0" encoding="utf-8"?>
<!-- Copyright (C) 2024 Blackview BV9900Pro Device Tree -->
<!-- Licensed under the Apache License, Version 2.0 -->

<MediaCodecs>
    <Include href="media_codecs_mediatek_video.xml" />
    <Include href="media_codecs_mediatek_audio.xml" />
    
    <Decoders>
        <MediaCodec name="OMX.MTK.VIDEO.DECODER.AVC" type="video/avc">
            <Quirk name="requires-allocate-on-input-ports" />
            <Quirk name="requires-allocate-on-output-ports" />
            <Limit name="size" min="64x64" max="4096x4096" />
            <Limit name="alignment" value="16x16" />
            <Limit name="bitrate" range="1-100000000" />
            <Feature name="adaptive-playback" />
        </MediaCodec>
        
        <MediaCodec name="OMX.MTK.VIDEO.DECODER.HEVC" type="video/hevc">
            <Quirk name="requires-allocate-on-input-ports" />
            <Quirk name="requires-allocate-on-output-ports" />
            <Limit name="size" min="64x64" max="4096x4096" />
            <Limit name="alignment" value="16x16" />
            <Limit name="bitrate" range="1-100000000" />
            <Feature name="adaptive-playback" />
        </MediaCodec>
        
        <MediaCodec name="OMX.MTK.VIDEO.DECODER.VP8" type="video/x-vnd.on2.vp8">
            <Quirk name="requires-allocate-on-input-ports" />
            <Quirk name="requires-allocate-on-output-ports" />
            <Limit name="size" min="64x64" max="4096x4096" />
            <Limit name="alignment" value="16x16" />
            <Limit name="bitrate" range="1-100000000" />
            <Feature name="adaptive-playback" />
        </MediaCodec>
        
        <MediaCodec name="OMX.MTK.VIDEO.DECODER.VP9" type="video/x-vnd.on2.vp9">
            <Quirk name="requires-allocate-on-input-ports" />
            <Quirk name="requires-allocate-on-output-ports" />
            <Limit name="size" min="64x64" max="4096x4096" />
            <Limit name="alignment" value="16x16" />
            <Limit name="bitrate" range="1-100000000" />
            <Feature name="adaptive-playback" />
        </MediaCodec>
    </Decoders>
    
    <Encoders>
        <MediaCodec name="OMX.MTK.VIDEO.ENCODER.AVC" type="video/avc">
            <Quirk name="requires-allocate-on-input-ports" />
            <Quirk name="requires-allocate-on-output-ports" />
            <Limit name="size" min="64x64" max="4096x4096" />
            <Limit name="alignment" value="16x16" />
            <Limit name="bitrate" range="1-100000000" />
            <Feature name="adaptive-playback" />
        </MediaCodec>
        
        <MediaCodec name="OMX.MTK.VIDEO.ENCODER.HEVC" type="video/hevc">
            <Quirk name="requires-allocate-on-input-ports" />
            <Quirk name="requires-allocate-on-output-ports" />
            <Limit name="size" min="64x64" max="4096x4096" />
            <Limit name="alignment" value="16x16" />
            <Limit name="bitrate" range="1-100000000" />
            <Feature name="adaptive-playback" />
        </MediaCodec>
    </Encoders>
</MediaCodecs>
